"Overview","Title","Departments (Item)","ID","Created Date","Updated Date","Owner","slug","menu_group","display_order","department_image","courses_offered","is_active","Departments (List)","description","icon_code","category_color","programmes","Icon_svg","icon image","Programs offered","tagline","Research"
"{""documentStyle"":{},""nodes"":[{""id"":""wfbop3218"",""nodes"":[{""id"":"""",""nodes"":[],""textData"":{""decorations"":[],""text"":""The Department of Food Processing and Management is dedicated to providing quality education and skill-based training in the field of food science, food processing, and management. The department aims to develop competent professionals who possess the technical knowledge, practical skills, and managerial abilities required to contribute to the rapidly growing food industry.""},""type"":""TEXT""}],""paragraphData"":{""textStyle"":{""textAlignment"":""AUTO""}},""type"":""PARAGRAPH""},{""id"":""c5ebx3227"",""nodes"":[],""paragraphData"":{""textStyle"":{""textAlignment"":""AUTO""}},""type"":""PARAGRAPH""},{""id"":""t5v4z3220"",""nodes"":[{""id"":"""",""nodes"":[],""textData"":{""decorations"":[],""text"":""The department offers the ""},""type"":""TEXT""},{""id"":"""",""nodes"":[],""textData"":{""decorations"":[{""fontWeightValue"":700,""type"":""BOLD""}],""text"":""Bachelor of Vocation (B.Voc.) in Food Processing and Management""},""type"":""TEXT""},{""id"":"""",""nodes"":[],""textData"":{""decorations"":[],""text"":"", a three-year undergraduate program designed to equip students with industry-relevant skills and hands-on experience. The curriculum integrates theoretical learning with practical training in food processing technologies, food preservation, quality control, food safety standards, packaging, nutrition, supply chain management, and entrepreneurship.""},""type"":""TEXT""}],""paragraphData"":{""textStyle"":{""textAlignment"":""AUTO""}},""type"":""PARAGRAPH""},{""id"":""9vn353236"",""nodes"":[],""paragraphData"":{""textStyle"":{""textAlignment"":""AUTO""}},""type"":""PARAGRAPH""},{""id"":""lyylz3224"",""nodes"":[{""id"":"""",""nodes"":[],""textData"":{""decorations"":[],""text"":""The department provides students with opportunities for laboratory work, industrial visits, internships, projects, and interactions with industry experts. These experiences help students understand modern food processing practices and develop the skills necessary to meet industry requirements and global food safety standards.""},""type"":""TEXT""}],""paragraphData"":{""textStyle"":{""textAlignment"":""AUTO""}},""type"":""PARAGRAPH""},{""id"":""elthv3243"",""nodes"":[],""paragraphData"":{""textStyle"":{""textAlignment"":""AUTO""}},""type"":""PARAGRAPH""},{""id"":""ptf203249"",""nodes"":[{""id"":"""",""nodes"":[],""textData"":{""decorations"":[],""text"":""Courses""},""type"":""TEXT""}],""paragraphData"":{""textStyle"":{""textAlignment"":""AUTO""}},""type"":""PARAGRAPH""},{""id"":""klnev3406"",""nodes"":[{""id"":"""",""nodes"":[],""textData"":{""decorations"":[],""text"":""B.Voc. Food Processing and Management""},""type"":""TEXT""}],""paragraphData"":{""textStyle"":{""textAlignment"":""AUTO""}},""type"":""PARAGRAPH""}]}","Department of Food Processing and Management","/departments/department-of-food-proceesing-a","0293f2c0-381a-443c-a5b3-606de850c308",2026-06-04T09:45:33Z,2026-06-18T16:52:14Z,"783223a8-5426-4abb-9820-f67168f102ee",,,18,,,,"/departments/",,,,,,,"<p class=""font_8"">BVoc FPM</p>",,"/copy-of-departments/"
"{""documentStyle"":{},""nodes"":[{""paragraphData"":{""textStyle"":{""textAlignment"":""JUSTIFY""}},""style"":{},""id"":""wisy55377"",""nodes"":[{""id"":"""",""nodes"":[],""textData"":{""decorations"":[],""text"":""The Department of Zoology of KSMDB College, Sasthamcotta, is one of the pioneering science departments of the institution, with a rich legacy of academic excellence, student development, and environmental stewardship. The department began its journey in 1964 under the leadership of Shri C. P. Ramachandran Pillai, the founding Head of the Department. With a vision to provide quality education in the life sciences, the department steadily grew and established itself as a centre for zoological studies in the region.""},""type"":""TEXT""}],""type"":""PARAGRAPH""},{""paragraphData"":{""textStyle"":{""textAlignment"":""JUSTIFY""}},""style"":{},""id"":""qn3xg5379"",""nodes"":[{""id"":"""",""nodes"":[],""textData"":{""decorations"":[],""text"":""The ""},""type"":""TEXT""},{""id"":"""",""nodes"":[],""textData"":{""decorations"":[{""linkData"":{""link"":{""rel"":{""noreferrer"":true},""target"":""BLANK"",""url"":""http://B.Sc""}},""type"":""LINK""}],""text"":""B.Sc""},""type"":""TEXT""},{""id"":"""",""nodes"":[],""textData"":{""decorations"":[],""text"":"". Degree Programme in Zoology was introduced in 1967 under the guidance of Shri S. G. Pillai, marking a significant milestone in the academic history of the college. Since then, the department has played a vital role in nurturing generations of students, many of whom have excelled in higher education, research, teaching, healthcare, administration, and various professional fields.""},""type"":""TEXT""}],""type"":""PARAGRAPH""},{""paragraphData"":{""textStyle"":{""textAlignment"":""JUSTIFY""}},""style"":{},""id"":""7k7bb5383"",""nodes"":[{""id"":"""",""nodes"":[],""textData"":{""decorations"":[],""text"":""The department is committed to imparting quality education through a balanced blend of classroom learning, laboratory training, field studies, research exposure, and extension activities. It strives to cultivate scientific temper, environmental awareness, ethical values, and social responsibility among students.""},""type"":""TEXT""}],""type"":""PARAGRAPH""},{""id"":""685mi5129"",""nodes"":[],""paragraphData"":{""textStyle"":{""textAlignment"":""JUSTIFY""}},""type"":""PARAGRAPH""},{""paragraphData"":{""textStyle"":{""textAlignment"":""JUSTIFY""}},""style"":{},""id"":""2iryw2496"",""nodes"":[{""id"":"""",""nodes"":[],""textData"":{""decorations"":[{""fontWeightValue"":700,""type"":""BOLD""},{""type"":""UNDERLINE""}],""text"":""Programs Offered""},""type"":""TEXT""}],""type"":""PARAGRAPH""},{""bulletedListData"":{""indentation"":0},""id"":""a0ea92837"",""nodes"":[{""id"":""ion0y2838"",""nodes"":[{""id"":""5ds9s5818"",""nodes"":[{""id"":"""",""nodes"":[],""textData"":{""decorations"":[],""text"":""B.Sc. Zoology""},""type"":""TEXT""}],""paragraphData"":{},""type"":""PARAGRAPH""}],""type"":""LIST_ITEM""}],""type"":""BULLETED_LIST""}]}","Department of Zoology","/departments/department-of-zoology","1483e442-e3ea-4688-9efc-a48876a7fdfa",2026-04-14T16:48:50Z,2026-06-04T10:19:10Z,"3bf38dd2-682c-4a1c-ab1d-c7876161029a","department-of-zoology","Science",16,,,true,"/departments/","Animal Life & Biodiversity",,,"BSc","M12 19c-4 0-7-2-9-6 2-4 5-6 9-6s7 2 9 6c-2 4-5 6-9 6M12 15a3 3 0 1 0 0-6 3 3 0 0 0 0 6","wix:image://v1/3bf38d_19acfad43e404c57a6069e9c730b76bb~mv2.png/zoology.png#originWidth=400&originHeight=400","<ul class=""font_7"">
  <li><p class=""font_7"">B.Sc. Zoology</p></li>
</ul>","Est. 1964 · Zoology, Wildlife Biology & Environmental Science","/copy-of-departments/"
"{""documentStyle"":{},""nodes"":[{""id"":""qzg583244"",""nodes"":[{""id"":"""",""nodes"":[],""textData"":{""decorations"":[],""text"":""The Department of History in our college has a long history of more than fifty years. It has celebrated its golden jubilee a couple of years back and has remained consistent throughout the years with its quality in pedagogy and teaching. The primary focus of the Department is to nurture academic thinking, critical scholarship and competency in students so that they can be able to pursue post-graduate and research programs in various academic institutions of national and international repute. It is vital to mention that the faculty of the Department is part of various intellectual and academic exercises both in national and in international level. They have also contributed relentlessly to the development and growth of the Department and student community. It could produce numerous personalities in public spheres, varying from public service to academics. As a department, both faculty and students collectively aim to learn, relearn and unlearn history from different perspectives and do justice to Clio, the Goddess of History.""},""type"":""TEXT""}],""paragraphData"":{""textStyle"":{""textAlignment"":""JUSTIFY""}},""type"":""PARAGRAPH""},{""id"":""p64824981"",""nodes"":[],""paragraphData"":{""textStyle"":{""textAlignment"":""JUSTIFY""}},""type"":""PARAGRAPH""},{""paragraphData"":{""textStyle"":{""textAlignment"":""JUSTIFY""}},""style"":{},""id"":""2iryw2496"",""nodes"":[{""id"":"""",""nodes"":[],""textData"":{""decorations"":[{""fontWeightValue"":700,""type"":""BOLD""},{""type"":""UNDERLINE""}],""text"":""Programs Offered""},""type"":""TEXT""}],""type"":""PARAGRAPH""},{""bulletedListData"":{""indentation"":0},""id"":""z1a7u6243"",""nodes"":[{""id"":""6fqrq6244"",""nodes"":[{""paragraphData"":{""textStyle"":{""textAlignment"":""AUTO""}},""style"":{},""id"":""3s36g6239"",""nodes"":[{""id"":"""",""nodes"":[],""textData"":{""decorations"":[],""text"":""B.A. History""},""type"":""TEXT""}],""type"":""PARAGRAPH""}],""type"":""LIST_ITEM""}],""type"":""BULLETED_LIST""}]}","Department of History","/departments/department-of-history","1bd8cfad-9c8a-44c3-b82e-f6a6178c6ca9",2026-04-14T16:48:50Z,2026-05-29T04:58:25Z,"3bf38dd2-682c-4a1c-ab1d-c7876161029a","department-of-history","Arts",8,,,true,"/departments/","Heritage, Culture & Civilizations",,,"BA","M3 21h18M9 21V8l-4 4V21M9 8l6-6 6 6v13h-4v-5a2 2 0 0 0-4 0v5H9","wix:image://v1/3bf38d_1b860337939e4f56951238f121490cb9~mv2.png/history.png#originWidth=400&originHeight=400","<ul class=""font_7"">
  <li><p class=""font_7"">B.A. History</p></li>
</ul>","Est. 1964 · History, Archaeology & Cultural Studies","/copy-of-departments/"
"{""documentStyle"":{},""nodes"":[{""id"":""pk4t53238"",""nodes"":[{""id"":"""",""nodes"":[],""textData"":{""decorations"":[],""text"":""The Department was started in 1964 when Hindi was instituted as a Second Language. The Undergraduate programme in Hindi was started in 1981. Prof. Meenakshi Hariharan was the first Head of the Department. She was succeeded by Prof. M D Rethnamma, Prof. M K Sasikumar, Dr V K Sailajakumari and Dr R S Harikumar respectively. The Department achieves more than 90% pass percentage in most academic years including top positions in the University examinations. Our department has a vision and mission which aim at molding ideal students through holistic education. We believe that knowledge has to be guided by values oriented towards the welfare of the society. Our teaching and learning environment reflect this principle. 'Learn well and behave well' is the motto that leads us on.""},""type"":""TEXT""}],""paragraphData"":{""textStyle"":{""textAlignment"":""JUSTIFY""}},""type"":""PARAGRAPH""},{""id"":""6xcso4835"",""nodes"":[],""paragraphData"":{""textStyle"":{""textAlignment"":""AUTO""}},""type"":""PARAGRAPH""},{""paragraphData"":{""textStyle"":{""textAlignment"":""JUSTIFY""}},""style"":{},""id"":""2iryw2496"",""nodes"":[{""id"":"""",""nodes"":[],""textData"":{""decorations"":[{""fontWeightValue"":700,""type"":""BOLD""},{""type"":""UNDERLINE""}],""text"":""Programs Offered""},""type"":""TEXT""}],""type"":""PARAGRAPH""},{""bulletedListData"":{""indentation"":0},""id"":""iqonn6316"",""nodes"":[{""id"":""nqizv6317"",""nodes"":[{""paragraphData"":{""textStyle"":{""textAlignment"":""AUTO""}},""style"":{},""id"":""fci706312"",""nodes"":[{""id"":"""",""nodes"":[],""textData"":{""decorations"":[],""text"":""B.A. Hindi""},""type"":""TEXT""}],""type"":""PARAGRAPH""}],""type"":""LIST_ITEM""}],""type"":""BULLETED_LIST""}]}","Department of Hindi","/departments/department-of-hindi","28739755-5c9e-4d28-a5d3-58be3c934c80",2026-04-14T16:48:50Z,2026-05-29T04:58:22Z,"3bf38dd2-682c-4a1c-ab1d-c7876161029a","department-of-hindi","Arts",7,,,true,"/departments/","National Language & Literature",,,"BA","M5 4h14a2 2 0 0 1 2 2v12a2 2 0 0 1-2 2H5a2 2 0 0 1-2-2V6a2 2 0 0 1 2-2M9 9v6M15 9v6M9 12h6","wix:image://v1/3bf38d_941d44050aa14887b1524288e5733df9~mv2.png/hindi.png#originWidth=400&originHeight=400","<ul class=""font_7"">
  <li><p class=""font_7"">B.A. Hindi</p></li>
</ul>","Est. 1964 · Hindi Language & Literature","/copy-of-departments/"
"{""documentStyle"":{},""nodes"":[{""id"":""ry2vv3276"",""nodes"":[{""id"":"""",""nodes"":[],""textData"":{""decorations"":[],""text"":""From the inception of the College BA/BSc. Degree Courses in the various subjects were offered and Malayalam was taught as an additional language. B.A. Degree Course in Malayalam was started in the academic year 1967-68. The Department of Malayalam came into existence on 17-07-1964. Prof: G. Sankara Pillai, the renowned and well-acclaimed play writer and the atrician was the first head of the Department. Sri N. Neelakantan, Sri K. Vijayan Nair, Smt V. Maheswari, Sri K. Prabhakaran and Sri R. Gopalakrishna Pillai were on the staff as lecturers. Dr. Poovattor Ramakrishna Pillai was the lecturer in Sanskrit. Smt. P.N. SaraswathiBai, Sri P. Bhaskaran Nair, Smt. K.Vijayarnma and G. Raman Pillai, Sri.N.Gangadharan Nair joined the department later. Prof. G. Sankara Pillai served the Department as Head for ten years. He left the Department when he was appointed as Director of School of Drama, Calicut University. Sri N. Prasanna Kumar, Sri. P. RadhakrishnaKurup, Dr. B.K. Krishnan Nair Dr. R.S. Rajeev, Dr. T.A. Geetha Devi, Dr. S.SudarsanaBabu and Dr.C. Unnikrishnan, Sri. Aathman and Dr.T.Madhu, Smt. Ragi R.G. joined the department later.""},""type"":""TEXT""}],""paragraphData"":{""textStyle"":{""textAlignment"":""JUSTIFY""}},""type"":""PARAGRAPH""},{""id"":""cpaal3487"",""nodes"":[],""paragraphData"":{""textStyle"":{""textAlignment"":""AUTO""}},""type"":""PARAGRAPH""},{""paragraphData"":{""textStyle"":{""textAlignment"":""JUSTIFY""}},""style"":{},""id"":""2iryw2496"",""nodes"":[{""id"":"""",""nodes"":[],""textData"":{""decorations"":[{""fontWeightValue"":700,""type"":""BOLD""},{""type"":""UNDERLINE""}],""text"":""Programs Offered""},""type"":""TEXT""}],""type"":""PARAGRAPH""},{""bulletedListData"":{""indentation"":0},""id"":""1yjxi6624"",""nodes"":[{""id"":""wkbi66625"",""nodes"":[{""paragraphData"":{""textStyle"":{""textAlignment"":""AUTO""}},""style"":{},""id"":""1r3w16620"",""nodes"":[{""id"":"""",""nodes"":[],""textData"":{""decorations"":[],""text"":""B.A. Malayalam""},""type"":""TEXT""}],""type"":""PARAGRAPH""}],""type"":""LIST_ITEM""}],""type"":""BULLETED_LIST""},{""id"":""djn874020"",""nodes"":[],""paragraphData"":{""textStyle"":{""textAlignment"":""AUTO""}},""type"":""PARAGRAPH""},{""id"":""zfkgb4023"",""nodes"":[],""paragraphData"":{""textStyle"":{""textAlignment"":""AUTO""}},""type"":""PARAGRAPH""}]}","Department of Malayalam","/departments/department-of-malayalam","30c956ef-0d83-4034-be36-70005dcbcf8b",2026-04-14T16:48:50Z,2026-05-29T04:58:26Z,"3bf38dd2-682c-4a1c-ab1d-c7876161029a","department-of-malayalam","Arts",9,,,true,"/departments/","Kerala's Literary Heritage",,,"BA","M12 2C6.5 2 2 6.5 2 12s4.5 10 10 10 10-4.5 10-10S17.5 2 12 2M8 14s1.5 2 4 2 4-2 4-2M9 9h.01M15 9h.01","wix:image://v1/3bf38d_d616ed00fc3e4b4fafaffd9a9441d56b~mv2.png/malayalam.png#originWidth=400&originHeight=400","<ul class=""font_7"">
  <li><p class=""font_7"">B.A. Malayalam</p></li>
</ul>","Est. 1964 · Malayalam Language, Literature & Translation","/copy-of-departments/"
"{""documentStyle"":{},""nodes"":[{""id"":""uiz4b4120"",""nodes"":[{""id"":"""",""nodes"":[],""textData"":{""decorations"":[{""linkData"":{""link"":{""rel"":{""noreferrer"":true},""target"":""BLANK"",""url"":""http://B.Sc""}},""type"":""LINK""},{""type"":""UNDERLINE""}],""text"":""B.Sc""},""type"":""TEXT""},{""id"":"""",""nodes"":[],""textData"":{""decorations"":[],""text"":"". in Botany was started in the year 1967; the same year that the college was upgraded to first grade. The pioneer faculty of the department includes Prof. P.K. Krishnan Nampoodiri as HOD, Prof. S K N Unnithan and Prof. S Girijakumri. The department had the first rank in University level during the year 1971, first and the second rank during 2012, second place with A grade during 2013. Now we are having FDP in Botany under Choice Based Credit and Semester System (CBCSS) with a revised scheme and syllabus w.e.f 2014 and syllabus w.e.f. 2019.""},""type"":""TEXT""}],""paragraphData"":{""textStyle"":{""textAlignment"":""JUSTIFY""}},""type"":""PARAGRAPH""},{""id"":""mr0tj5157"",""nodes"":[],""paragraphData"":{""textStyle"":{""textAlignment"":""JUSTIFY""}},""type"":""PARAGRAPH""},{""paragraphData"":{""textStyle"":{""textAlignment"":""JUSTIFY""}},""style"":{},""id"":""2iryw2496"",""nodes"":[{""id"":"""",""nodes"":[],""textData"":{""decorations"":[{""fontWeightValue"":700,""type"":""BOLD""},{""type"":""UNDERLINE""}],""text"":""Programs Offered""},""type"":""TEXT""}],""type"":""PARAGRAPH""},{""bulletedListData"":{""indentation"":0},""id"":""3f4vu5789"",""nodes"":[{""id"":""15qfh5790"",""nodes"":[{""paragraphData"":{""textStyle"":{""textAlignment"":""AUTO""}},""style"":{},""id"":""ef9ha5760"",""nodes"":[{""id"":"""",""nodes"":[],""textData"":{""decorations"":[],""text"":""B.Sc. Botany""},""type"":""TEXT""}],""type"":""PARAGRAPH""}],""type"":""LIST_ITEM""}],""type"":""BULLETED_LIST""}]}","Department of Botany","/departments/department-of-botany","39174c20-8214-4a2f-9e85-b66ae6fba730",2026-04-14T16:48:50Z,2026-05-29T04:58:14Z,"3bf38dd2-682c-4a1c-ab1d-c7876161029a","department-of-botany","Science",1,,,true,"/departments/","Plant Sciences & Ecology",,,"BSc","M12 22V8M5 12H2a10 10 0 0 0 10 10M22 12h-3a10 10 0 0 1-10 10M12 8a5 5 0 0 0-5-5c0 3 2 5 5 5M12 8a5 5 0 0 1 5-5c0 3-2 5-5 5","wix:image://v1/3bf38d_97628f26c8324531b459811c5a699d56~mv2.png/botany.png#originWidth=400&originHeight=400","<ul class=""font_7"">
  <li><p class=""font_7"">B.Sc. Botany</p></li>
</ul>","Est. 1964 · Botany, Plant Biology & Environmental Studies","/copy-of-departments/"
"{""documentStyle"":{},""nodes"":[{""id"":""kfy1a4108"",""nodes"":[{""id"":"""",""nodes"":[],""textData"":{""decorations"":[],""text"":""The Department of Mathematics in K.S.M.D.B College began its journey in the year 1967. The college was upgraded with the commencement of B.Sc. Mathematics course under the leadership of Prof. C. N. Parameswaran Nair, the founder Professor and Head of the Department. Right from its inception the Department has attempted to set high standards of teaching and learning and became a Post-Graduate Department in the year 1999. Apart from BSc and MSc Degree Programs, it offers Mathematics as a Complementary Course for the Physics, Chemistry, Polymer Chemistry and Statistics Degree Programs. The Department also offers a Course in Operations Research for aspiring students from non-Mathematics Degree streams as an Open Course.""},""type"":""TEXT""}],""paragraphData"":{""textStyle"":{""textAlignment"":""JUSTIFY""}},""type"":""PARAGRAPH""},{""id"":""k2ayg5052"",""nodes"":[],""paragraphData"":{""textStyle"":{""textAlignment"":""AUTO""}},""type"":""PARAGRAPH""},{""paragraphData"":{""textStyle"":{""textAlignment"":""JUSTIFY""}},""style"":{},""id"":""2iryw2496"",""nodes"":[{""id"":"""",""nodes"":[],""textData"":{""decorations"":[{""fontWeightValue"":700,""type"":""BOLD""},{""type"":""UNDERLINE""}],""text"":""Programs Offered""},""type"":""TEXT""}],""type"":""PARAGRAPH""},{""bulletedListData"":{""indentation"":0},""id"":""49z1t6106"",""nodes"":[{""id"":""c3g1a6107"",""nodes"":[{""id"":""btywk6065"",""nodes"":[{""id"":"""",""nodes"":[],""textData"":{""decorations"":[],""text"":""B.Sc. Mathematics""},""type"":""TEXT""}],""paragraphData"":{},""type"":""PARAGRAPH""}],""type"":""LIST_ITEM""},{""id"":""82uzx6109"",""nodes"":[{""id"":""ukaip6067"",""nodes"":[{""id"":"""",""nodes"":[],""textData"":{""decorations"":[],""text"":""M.Sc. Mathematics""},""type"":""TEXT""}],""paragraphData"":{},""type"":""PARAGRAPH""}],""type"":""LIST_ITEM""}],""type"":""BULLETED_LIST""}]}","Department of Mathematics","/departments/department-of-mathematics","4b792078-80ad-45ca-9759-a1a98b946ce2",2026-04-14T16:48:50Z,2026-05-29T04:58:28Z,"3bf38dd2-682c-4a1c-ab1d-c7876161029a","department-of-mathematics","Science",10,,,true,"/departments/","Logic, Patterns & Problem Solving",,,"BSc, MSc","M4 12h16M12 4v16M6 6l4 4M14 6l4 4M6 14l4 4M14 14l4 4","wix:image://v1/3bf38d_c394709cf3b949c4a7233aa6bfd03b5d~mv2.png/mathematics.png#originWidth=400&originHeight=400","<ul class=""font_7"">
  <li><p class=""font_7"">B.Sc. Mathematics</p></li>
  <li><p class=""font_7"">M.Sc. Mathematics</p></li>
</ul>","Est. 1964 · Mathematics — Pure, Applied & Computational","/copy-of-departments/"
"{""documentStyle"":{},""nodes"":[{""id"":""mof1u4173"",""nodes"":[{""id"":"""",""nodes"":[],""textData"":{""decorations"":[],""text"":""The Department of Physics set in the scenic and sprawling campus of the K. S. M. D. B. College, Sasthamcotta was established in 1969, under the headship of Prof. R. JanardhanaIyer. The department offers B. Sc. degree course in Physics with Mathematics and Chemistry as complementary subjects. The department also offers an open course in Environmental Physics. In addition to the well-equipped laboratories for experimental and computational physics, the department has a reference library facility. The library, established in 2014 in memory of former teaching faculty Prof. T. Vijayakumari, is solely funded by her family. The primary aim of the library is to support the educational programmes of the department by providing physical and intellectual access to information. The secondary mission is to inculcate a reading habit among the student community of the department.""},""type"":""TEXT""}],""paragraphData"":{""textStyle"":{""textAlignment"":""JUSTIFY""}},""type"":""PARAGRAPH""},{""id"":""6xl9i5029"",""nodes"":[],""paragraphData"":{""textStyle"":{""textAlignment"":""JUSTIFY""}},""type"":""PARAGRAPH""},{""paragraphData"":{""textStyle"":{""textAlignment"":""JUSTIFY""}},""style"":{},""id"":""2iryw2496"",""nodes"":[{""id"":"""",""nodes"":[],""textData"":{""decorations"":[{""fontWeightValue"":700,""type"":""BOLD""},{""type"":""UNDERLINE""}],""text"":""Programs Offered""},""type"":""TEXT""}],""type"":""PARAGRAPH""},{""bulletedListData"":{""indentation"":0},""id"":""k624m6178"",""nodes"":[{""id"":""nokil6179"",""nodes"":[{""id"":""onytz6137"",""nodes"":[{""id"":"""",""nodes"":[],""textData"":{""decorations"":[],""text"":""B.Sc. Physics""},""type"":""TEXT""}],""paragraphData"":{},""type"":""PARAGRAPH""}],""type"":""LIST_ITEM""},{""id"":""487us6181"",""nodes"":[{""id"":""6xc4a6139"",""nodes"":[{""id"":"""",""nodes"":[],""textData"":{""decorations"":[],""text"":""M.Sc. Physics with Specialization in Nano Science""},""type"":""TEXT""}],""paragraphData"":{},""type"":""PARAGRAPH""}],""type"":""LIST_ITEM""}],""type"":""BULLETED_LIST""}]}","Department of Physics","/departments/department-of-physics","62c1cb66-2703-4379-99e0-df56cb725b55",2026-04-14T16:48:50Z,2026-05-29T04:58:33Z,"3bf38dd2-682c-4a1c-ab1d-c7876161029a","department-of-physics","Science",12,,,true,"/departments/","Matter, Energy & the Universe",,,"BSc, MSc","M12 12m-3 0a3 3 0 1 0 6 0 3 3 0 1 0-6 0M12 12m-10 0a10 4 0 1 0 20 0 10 4 0 1 0-20 0","wix:image://v1/3bf38d_78733541b7fb40c8bed40fe05fea672d~mv2.png/physics.png#originWidth=400&originHeight=400","<ul class=""font_7"">
  <li><p class=""font_7"">B.Sc. Physics</p></li>
  <li><p class=""font_7"">M.Sc. Physics with Specialization in Nano Science</p></li>
</ul>","Est. 1964 · Physics, Nanomaterials & Photonics Research","/copy-of-departments/"
"{""documentStyle"":{},""nodes"":[{""id"":""xgx1h3241"",""nodes"":[{""id"":"""",""nodes"":[],""textData"":{""decorations"":[],""text"":""When Devaswom Board College, Sasthamcotta was established in 1964 as a junior college, Economics was one of the main subjects taught in the Pre-Degree course and only one member, Sri E.G. Govindan Namboothiri, taught the course. Later in 1967 the college was upgraded and during that year itself a B.A degree with Economics as main subject with Politics and History as subsidiary subjects was started. In 1981 Economics became the first post graduate course instituted in this college. Ever since the Department of Economics has been making great strides with an average of 40 Students in the PG level and 220 in the UG level. The academic year 2017-2018 was the Golden Jubilee year of the department.""},""type"":""TEXT""}],""paragraphData"":{""textStyle"":{""textAlignment"":""JUSTIFY""}},""type"":""PARAGRAPH""},{""id"":""c9su64957"",""nodes"":[],""paragraphData"":{""textStyle"":{""textAlignment"":""JUSTIFY""}},""type"":""PARAGRAPH""},{""paragraphData"":{""textStyle"":{""textAlignment"":""JUSTIFY""}},""style"":{},""id"":""2iryw2496"",""nodes"":[{""id"":"""",""nodes"":[],""textData"":{""decorations"":[{""fontWeightValue"":700,""type"":""BOLD""},{""type"":""UNDERLINE""}],""text"":""Programs Offered""},""type"":""TEXT""}],""type"":""PARAGRAPH""},{""bulletedListData"":{""indentation"":0},""id"":""bpby16281"",""nodes"":[{""id"":""zox8n6282"",""nodes"":[{""paragraphData"":{""textStyle"":{""textAlignment"":""AUTO""}},""style"":{},""id"":""adcc06275"",""nodes"":[{""id"":"""",""nodes"":[],""textData"":{""decorations"":[],""text"":""B.A. Economics""},""type"":""TEXT""}],""type"":""PARAGRAPH""}],""type"":""LIST_ITEM""},{""id"":""nbl4z6284"",""nodes"":[{""paragraphData"":{""textStyle"":{""textAlignment"":""AUTO""}},""style"":{},""id"":""djnls6277"",""nodes"":[{""id"":"""",""nodes"":[],""textData"":{""decorations"":[],""text"":""M.A. Economics""},""type"":""TEXT""}],""type"":""PARAGRAPH""}],""type"":""LIST_ITEM""}],""type"":""BULLETED_LIST""}]}","Department of Economics","/departments/department-of-economics","65a22aec-7a04-4e78-bd50-4fba2b34d9e6",2026-04-14T16:48:50Z,2026-04-21T05:49:16Z,"3bf38dd2-682c-4a1c-ab1d-c7876161029a","department-of-economics","Arts",5,,,true,"/departments/","Markets, Policy & Development",,,"BA, MA","M12 2v20M17 5H9.5a3.5 3.5 0 0 0 0 7h5a3.5 3.5 0 0 1 0 7H6","wix:image://v1/3bf38d_ba8a54c8a12e4d15af5b257cbfedc154~mv2.png/economics.png#originWidth=400&originHeight=400","<ul class=""font_7"">
  <li><p class=""font_7"">B.A. Economics</p></li>
  <li><p class=""font_7"">M.A. &nbsp;Economics</p></li>
</ul>","Est. 1964 · Economics, Development Studies & Policy","/copy-of-departments/"
"{""documentStyle"":{},""nodes"":[{""id"":""w21tq363"",""nodes"":[{""id"":"""",""nodes"":[],""textData"":{""decorations"":[{""colorData"":{""background"":""rgb(253, 249, 244)"",""foreground"":""rgb(26, 14, 14)""},""type"":""COLOR""}],""text"":""The history of the department of Sanskrit, KSMDB College, Sasthamcotta can be traced back to the proposal from the scholars and the general public in the leadership of Sri. Kumbalathu Sankhu Pillai, the great politician and social reformer, for starting a centre for advanced studies in Vedanta on the hill top near the temple of Lord Sastha in Sasthamcotta. The proposal for centre for Sanskrit studies resulted the establishment of an Arts & Science College by the Honourable Travancore Devaswom Board in 1964.""},""type"":""TEXT""}],""paragraphData"":{""textStyle"":{""textAlignment"":""JUSTIFY""}},""type"":""PARAGRAPH""},{""paragraphData"":{""textStyle"":{""textAlignment"":""JUSTIFY""}},""style"":{},""id"":""yt1zl365"",""nodes"":[],""type"":""PARAGRAPH""},{""id"":""dgcvr366"",""nodes"":[{""id"":"""",""nodes"":[],""textData"":{""decorations"":[{""colorData"":{""background"":""rgb(253, 249, 244)"",""foreground"":""rgb(26, 14, 14)""},""type"":""COLOR""}],""text"":""When the college was started in June, 1964 Sanskrit was taught as optional language for students. In 1970 as a result of great effort of the department and the management Pre-degree and Degree courses were introduced. Thus Sanskrit became a full-fledged department with Vedanta (special) as the main subject. In 1982 P G Course in Sanskrit Vedanta Special was started. As part of educational policy, government delinked Pre-degree course from colleges. The department offers UG (BA Vedanta) degree and PG (MA Vedanta) degree courses. 50 is the sanctioned strength of UG degree course and 15 is the strength of PG degree course. Besides the regular learning process remedial classes, mentoring, counseling, peer-teaching etc are conducted to ensure the students’ engagement in academics. Invited talks and Seminars are organized for knowledge updation and also to develop research aptitude in the students. Former teachers, Alumni and other well wishers established endowments and scholarships for students. The department has a great track record in securing University Ranks in UG and PG courses.""},""type"":""TEXT""}],""paragraphData"":{""textStyle"":{""textAlignment"":""JUSTIFY""}},""type"":""PARAGRAPH""},{""paragraphData"":{""textStyle"":{""textAlignment"":""JUSTIFY""}},""style"":{},""id"":""2a9v3368"",""nodes"":[],""type"":""PARAGRAPH""},{""id"":""dwzh8369"",""nodes"":[{""id"":"""",""nodes"":[],""textData"":{""decorations"":[{""colorData"":{""background"":""rgb(253, 249, 244)"",""foreground"":""rgb(26, 14, 14)""},""type"":""COLOR""}],""text"":""Prof. N. Gopinathan Nair was the first Head of the department. Dr.N.Ramakrishna Pillai was the second Head of the department and later he became the Principal of the college. He was a great writer and leader. In connection with the golden jubilee celebration (2015) of the college the department started to organize commemoration of Dr.N.Ramakrishna Pillai in the college with active participation of his family. A publication wing entitled ‘Prajna Publication’ also started and now it provides more than 25 study materials for students. Now there are six faculty members in the department. Most of them have Doctoral Degree and initiatives are taken to upgrade the department as a Research department. This year witnesses the Golden Jubilee of the department, and various activities are planned, as part of the celebration Face Book Group and You Tube Channel entitled ‘Samskritajyoti’ was launched in June. The department also has an active Alumni association.""},""type"":""TEXT""}],""paragraphData"":{""textStyle"":{""textAlignment"":""JUSTIFY""}},""type"":""PARAGRAPH""},{""id"":""6xl9i5029"",""nodes"":[],""paragraphData"":{""textStyle"":{""textAlignment"":""JUSTIFY""}},""type"":""PARAGRAPH""},{""paragraphData"":{""textStyle"":{""textAlignment"":""JUSTIFY""}},""style"":{},""id"":""2iryw2496"",""nodes"":[{""id"":"""",""nodes"":[],""textData"":{""decorations"":[{""fontWeightValue"":700,""type"":""BOLD""},{""type"":""UNDERLINE""}],""text"":""Programs Offered""},""type"":""TEXT""}],""type"":""PARAGRAPH""},{""bulletedListData"":{""indentation"":0},""id"":""e920f6589"",""nodes"":[{""id"":""hcrnl6590"",""nodes"":[{""id"":""onytz6137"",""nodes"":[{""id"":"""",""nodes"":[],""textData"":{""decorations"":[],""text"":""B.A. Sanskrit (Vedanta)""},""type"":""TEXT""}],""paragraphData"":{""textStyle"":{""textAlignment"":""JUSTIFY""}},""type"":""PARAGRAPH""}],""type"":""LIST_ITEM""},{""id"":""yloed6592"",""nodes"":[{""paragraphData"":{""textStyle"":{""textAlignment"":""JUSTIFY""}},""style"":{},""id"":""itn946585"",""nodes"":[{""id"":"""",""nodes"":[],""textData"":{""decorations"":[],""text"":""M.A. Sanskrit (Vedanta)""},""type"":""TEXT""}],""type"":""PARAGRAPH""}],""type"":""LIST_ITEM""}],""type"":""BULLETED_LIST""}]}","Department of Sanskrit","/departments/department-of-sanskrit","80d1adf7-9bc8-4b28-9092-66b9df97e91b",2026-04-14T16:48:50Z,2026-06-04T15:49:02Z,"3bf38dd2-682c-4a1c-ab1d-c7876161029a","department-of-sanskrit","Arts",14,,,true,"/departments/","Ancient Wisdom & Classical Texts",,,"BA,MA","M12 2a10 10 0 1 0 0 20 10 10 0 0 0 0-20M12 2a7 7 0 0 0-7 7c0 5 7 13 7 13s7-8 7-13a7 7 0 0 0-7-7M12 9a2.5 2.5 0 1 0 0 5 2.5 2.5 0 0 0 0-5","wix:image://v1/3bf38d_abec03db6ca846e1a36aa2199faf7e4f~mv2.png/sanskrit.png#originWidth=400&originHeight=400","<ul class=""font_7"">
  <li><p class=""font_7"">B.A. Sanskrit (Vedantha)</p></li>
  <li><p class=""font_7"">M.A. Sanskrit (Vedanta)</p></li>
</ul>","Est. 1964 · Sanskrit Language, Vedic Studies & Indology","/copy-of-departments/"
"{""documentStyle"":{},""nodes"":[{""id"":""me39y4164"",""nodes"":[{""id"":"""",""nodes"":[],""textData"":{""decorations"":[],""text"":""Department of Physical Education started functioning along with the opening of the college in the year 1964. The aim of the department is to give training and coaching to students in various sports events, to develop the overall physical fitness of the students and to conduct and participate in various intercollegiate tournaments. At present we have a cricket field, football field, basketball court, handball court, volleyball court, ball badminton court, kabaddi court, indoor shuttle badminton court, a standard athletic track and facilities to train Yoga, Judo, Taekwondo, chess. Our Cricket, Football, and Judo teams are showing good performance in the intercollegiate championships in recent years. Department is offering an open course in Health and Fitness Education for fifth-semester degree students.""},""type"":""TEXT""}],""paragraphData"":{""textStyle"":{""textAlignment"":""JUSTIFY""}},""type"":""PARAGRAPH""}]}","Department of Physical Education","/departments/department-of-physical-education","86d4f676-401f-4e8b-a515-7affc24f44a9",2026-04-14T16:48:50Z,2026-05-29T04:58:30Z,"3bf38dd2-682c-4a1c-ab1d-c7876161029a","department-of-physical-education","Others",11,,,true,"/departments/","Sports, Fitness & Wellness",,,,"M14.5 4a2.5 2.5 0 1 0 0 5 2.5 2.5 0 0 0 0-5M6 20l3-8 2.5 2V20M14 13l-2.5-2L15 7l5 3-2 2-3-2-1 3 3 3v4","wix:image://v1/3bf38d_4a8e9268cc3d43889b05eba478ac6702~mv2.png/physical_education.png#originWidth=400&originHeight=400",,"Est. 1964 · Physical Education, Sports Science & NCC","/copy-of-departments/"
"{""documentStyle"":{},""nodes"":[{""id"":""ujvdp4114"",""nodes"":[{""id"":"""",""nodes"":[],""textData"":{""decorations"":[],""text"":""The Department of Chemistry embarked on its long march to glory during the academic year 1964-1965 with two teachers as staff imparting instructions in chemistry to the pre-degree students of group I & II. The department was upgraded to degree level with chemistry as the optional main in the year 1979-80. In addition, BSc Polymer Chemistry was started during the year 1993-94. The Department reached another milestone when MSc course in Chemistry was started in the year 1995-1996. The year 2004-05 saw the University of Kerala recognize the department as an approved research center. The Department has a strength of 12 teachers and 4 non-teaching staff, with 11 out of 12 permanent faculty members holding PhD. Five faculty members are Research guides and 17 students have registered for PhD in the department. The department is consistently producing one of the best results in the University.""},""type"":""TEXT""}],""paragraphData"":{""textStyle"":{""textAlignment"":""JUSTIFY""}},""type"":""PARAGRAPH""},{""id"":""hckvj5105"",""nodes"":[],""paragraphData"":{""textStyle"":{""textAlignment"":""JUSTIFY""}},""type"":""PARAGRAPH""},{""paragraphData"":{""textStyle"":{""textAlignment"":""JUSTIFY""}},""style"":{},""id"":""2iryw2496"",""nodes"":[{""id"":"""",""nodes"":[],""textData"":{""decorations"":[{""fontWeightValue"":700,""type"":""BOLD""},{""type"":""UNDERLINE""}],""text"":""Programs Offered""},""type"":""TEXT""}],""type"":""PARAGRAPH""},{""bulletedListData"":{""indentation"":0},""id"":""d8tb65942"",""nodes"":[{""id"":""5hh8z5943"",""nodes"":[{""id"":""0aize5889"",""nodes"":[{""id"":"""",""nodes"":[],""textData"":{""decorations"":[],""text"":""B.Sc. Chemistry""},""type"":""TEXT""}],""paragraphData"":{},""type"":""PARAGRAPH""}],""type"":""LIST_ITEM""},{""id"":""evwar5945"",""nodes"":[{""id"":""jh9xj5891"",""nodes"":[{""id"":"""",""nodes"":[],""textData"":{""decorations"":[],""text"":""B.Sc. Polymer Chemistry""},""type"":""TEXT""}],""paragraphData"":{},""type"":""PARAGRAPH""}],""type"":""LIST_ITEM""},{""id"":""f35lw5947"",""nodes"":[{""id"":""6td2q5893"",""nodes"":[{""id"":"""",""nodes"":[],""textData"":{""decorations"":[],""text"":""M.Sc. Chemistry""},""type"":""TEXT""}],""paragraphData"":{},""type"":""PARAGRAPH""}],""type"":""LIST_ITEM""},{""id"":""xgmrj5949"",""nodes"":[{""id"":""59e9h5895"",""nodes"":[{""id"":"""",""nodes"":[],""textData"":{""decorations"":[],""text"":""Ph.D. in Chemistry""},""type"":""TEXT""}],""paragraphData"":{},""type"":""PARAGRAPH""}],""type"":""LIST_ITEM""}],""type"":""BULLETED_LIST""}]}","Department of Chemistry & Polymer Chemistry","/departments/department-of-chemistry-%26-polymer-chemistry","a2f8aead-a78e-4398-8141-84ea4108b042",2026-04-14T16:48:50Z,2026-05-29T04:58:15Z,"3bf38dd2-682c-4a1c-ab1d-c7876161029a","department-of-chemistry-polymer-chemistry","Science",2,,,true,"/departments/","Molecules, Reactions & Materials",,,"BSc, MSc. Ph.D","M9 3h6v8l4 9H5l4-9V3M9 3h6M10 15a1 1 0 1 0 0-2 1 1 0 0 0 0 2M14 17a1 1 0 1 0 0-2 1 1 0 0 0 0 2","wix:image://v1/3bf38d_cf68ed082f07428fad7c5d7d2cc233de~mv2.png/chemistry.png#originWidth=400&originHeight=400","<ul class=""font_7"">
  <li><p class=""font_7"">B.Sc. Chemistry</p></li>
  <li><p class=""font_7"">B.Sc. Polymer Chemistry</p></li>
  <li><p class=""font_7"">M.Sc. Chemistry</p></li>
  <li><p class=""font_7"">Ph.D. &nbsp;&nbsp;Chemistry</p></li>
</ul>","Est. 1964 · Chemistry, Polymer Chemistry & Material Science","/copy-of-departments/"
"{""documentStyle"":{},""nodes"":[{""id"":""9m2ls3247"",""nodes"":[{""id"":"""",""nodes"":[],""textData"":{""decorations"":[],""text"":""Department of Political Science has been a part of D.B. College Sasthamcotta since 1967. It has a glorious past of academic excellence including Ranks in the University Exams in the long history of our college and other non-academic achievements of merit and excellence. As an under-graduate level academic department, we have been able to contribute immensely to the learning and research in Social Science particularly in Political Science. In 2015 this department conducted a National Seminar in Social Science sponsored by UGC.""},""type"":""TEXT""}],""paragraphData"":{""textStyle"":{""textAlignment"":""JUSTIFY""}},""type"":""PARAGRAPH""},{""id"":""mlkhn5005"",""nodes"":[],""paragraphData"":{""textStyle"":{""textAlignment"":""JUSTIFY""}},""type"":""PARAGRAPH""},{""paragraphData"":{""textStyle"":{""textAlignment"":""JUSTIFY""}},""style"":{},""id"":""2iryw2496"",""nodes"":[{""id"":"""",""nodes"":[],""textData"":{""decorations"":[{""fontWeightValue"":700,""type"":""BOLD""},{""type"":""UNDERLINE""}],""text"":""Programs Offered""},""type"":""TEXT""}],""type"":""PARAGRAPH""},{""bulletedListData"":{""indentation"":0},""id"":""ct1576213"",""nodes"":[{""id"":""nu55n6214"",""nodes"":[{""paragraphData"":{""textStyle"":{""textAlignment"":""AUTO""}},""style"":{},""id"":""4rujg6209"",""nodes"":[{""id"":"""",""nodes"":[],""textData"":{""decorations"":[],""text"":""B.A. Political Science""},""type"":""TEXT""}],""type"":""PARAGRAPH""}],""type"":""LIST_ITEM""}],""type"":""BULLETED_LIST""}]}","Department of Political Science","/departments/department-of-political-science","a4954c31-68db-4485-a3e6-2b9cd7811d49",2026-04-14T16:48:50Z,2026-05-29T04:58:34Z,"3bf38dd2-682c-4a1c-ab1d-c7876161029a","department-of-political-science","Arts",13,,,true,"/departments/","Governance, Law & Public Policy",,,"BA","M12 3l9 4.5v9L12 21l-9-4.5v-9L12 3M12 12l9-4.5M12 12v9M12 12L3 7.5","wix:image://v1/3bf38d_3c4b4c5ec8844bffa57cb5cd486f9aa2~mv2.png/political_science.png#originWidth=400&originHeight=400","<ul class=""font_7"">
  <li><p class=""font_7"">B.A. Political Science</p></li>
</ul>","Est. 1964 · Political Science, Governance & Public Policy","/copy-of-departments/"
"{""documentStyle"":{},""nodes"":[{""id"":""k8nj43036"",""nodes"":[{""id"":"""",""nodes"":[],""textData"":{""decorations"":[],""text"":""The Department of Information Technology is committed to providing quality education and skill-oriented training in the field of computing and information technology. The department aims to develop competent professionals equipped with the knowledge, technical expertise, and innovative mindset required to meet the challenges of the rapidly evolving digital world.""},""type"":""TEXT""}],""paragraphData"":{""textStyle"":{""textAlignment"":""AUTO""}},""type"":""PARAGRAPH""},{""id"":""nys5e3049"",""nodes"":[],""paragraphData"":{""textStyle"":{""textAlignment"":""AUTO""}},""type"":""PARAGRAPH""},{""id"":""mb5iz3038"",""nodes"":[{""id"":"""",""nodes"":[],""textData"":{""decorations"":[],""text"":""The department offers the ""},""type"":""TEXT""},{""id"":"""",""nodes"":[],""textData"":{""decorations"":[{""fontWeightValue"":700,""type"":""BOLD""}],""text"":""B.Voc. Software Development""},""type"":""TEXT""},{""id"":"""",""nodes"":[],""textData"":{""decorations"":[],""text"":"" undergraduate program, which focuses on industry-relevant skills and practical learning. Through a combination of classroom instruction, laboratory sessions, project-based learning, internships, and industry interactions, students gain both theoretical knowledge and hands-on experience in modern software technologies.""},""type"":""TEXT""}],""paragraphData"":{""textStyle"":{""textAlignment"":""AUTO""}},""type"":""PARAGRAPH""},{""id"":""ab1nk3042"",""nodes"":[{""id"":"""",""nodes"":[],""textData"":{""decorations"":[],""text"":""The department is supported by well-equipped computer laboratories, experienced faculty members, and a learner-centered academic environment. It encourages students to participate in workshops, seminars, technical competitions, certification programs, and community engagement activities to enhance their professional and personal development.""},""type"":""TEXT""}],""paragraphData"":{""textStyle"":{""textAlignment"":""AUTO""}},""type"":""PARAGRAPH""},{""id"":""lfo653062"",""nodes"":[],""paragraphData"":{""textStyle"":{""textAlignment"":""AUTO""}},""type"":""PARAGRAPH""},{""id"":""fcohb5219"",""nodes"":[],""paragraphData"":{""textStyle"":{""textAlignment"":""JUSTIFY""}},""type"":""PARAGRAPH""},{""paragraphData"":{""textStyle"":{""textAlignment"":""JUSTIFY""}},""style"":{},""id"":""2iryw2496"",""nodes"":[{""id"":"""",""nodes"":[],""textData"":{""decorations"":[{""fontWeightValue"":700,""type"":""BOLD""},{""type"":""UNDERLINE""}],""text"":""Programs Offered""},""type"":""TEXT""}],""type"":""PARAGRAPH""},{""bulletedListData"":{""indentation"":0},""id"":""7ezn55358"",""nodes"":[{""id"":""okctl5361"",""nodes"":[{""id"":""ibn3o5354"",""nodes"":[{""id"":"""",""nodes"":[],""textData"":{""decorations"":[],""text"":""B.Voc. Software Development (UGC Aided)""},""type"":""TEXT""}],""paragraphData"":{},""type"":""PARAGRAPH""}],""type"":""LIST_ITEM""}],""type"":""BULLETED_LIST""}]}","Department of IT","/departments/bachelor-of-vocational-degree","a52cc196-20c0-4961-9a46-e68f6c443da7",2026-04-14T16:48:50Z,2026-06-18T16:49:23Z,"3bf38dd2-682c-4a1c-ab1d-c7876161029a","bachelor-of-vocational-degree","Others",17,,,true,"/departments/","Skill-Based Professional Training",,,"B.Voc","M14.7 6.3a1 1 0 0 0 0 1.4l1.6 1.6a1 1 0 0 0 1.4 0l3.77-3.77a6 6 0 0 1-7.94 7.94l-6.91 6.91a2.12 2.12 0 0 1-3-3l6.91-6.91a6 6 0 0 1 7.94-7.94l-3.76 3.76z","wix:image://v1/3bf38d_8900c3b6f5084de1bbb3f3ffd4858920~mv2.png/bvoc.png#originWidth=400&originHeight=400","<p class=""font_8"">BVoc SD</p>","Est. 2015 · Vocational Education & Skill Development","/copy-of-departments/"
"{""documentStyle"":{},""nodes"":[{""headingData"":{""level"":4,""textStyle"":{""textAlignment"":""JUSTIFY""}},""id"":""2iryw2496"",""nodes"":[{""id"":"""",""nodes"":[],""textData"":{""decorations"":[],""text"":""The Dept. of English was established with the inception of the college in 1964. The Post Graduate course in Eng. Language and Literature was started in 1998 and BA English language and Literature in 2014. The dept. holds a high ranking among the colleges affiliated to University of Kerala with regard to academic results. The department has a team of committed, accomplished teachers to provide academic excellence and train the students to qualify NET exams, pursue higher studies etc by laying a strong grounding in language, literature and literary theory. The learning environment of the department is enhanced by smart classroom and language lab. The department provides a certificate course in Communicative English and Public Speaking.""},""type"":""TEXT""},{""id"":"""",""nodes"":[],""textData"":{""decorations"":[],""text"":""\n""},""type"":""TEXT""},{""id"":"""",""nodes"":[],""textData"":{""decorations"":[],""text"":""\n""},""type"":""TEXT""},{""id"":"""",""nodes"":[],""textData"":{""decorations"":[{""fontWeightValue"":700,""type"":""BOLD""},{""type"":""UNDERLINE""}],""text"":""Programs Offered""},""type"":""TEXT""}],""type"":""HEADING""},{""bulletedListData"":{""indentation"":0},""id"":""a0ea92837"",""nodes"":[{""id"":""ion0y2838"",""nodes"":[{""headingData"":{""level"":4},""id"":""sq6452839"",""nodes"":[{""id"":"""",""nodes"":[],""textData"":{""decorations"":[],""text"":""B.A. English Language and Literature""},""type"":""TEXT""}],""type"":""HEADING""}],""type"":""LIST_ITEM""},{""id"":""8nspd2841"",""nodes"":[{""headingData"":{""level"":4},""id"":""7nngu2842"",""nodes"":[{""id"":"""",""nodes"":[],""textData"":{""decorations"":[],""text"":""M.A. English Language and Literature""},""type"":""TEXT""}],""type"":""HEADING""}],""type"":""LIST_ITEM""}],""type"":""BULLETED_LIST""}]}","Department of English","/departments/department-of-english","c3c82478-ab63-4c22-8353-59b0c5999770",2026-04-14T16:48:50Z,2026-05-29T04:58:20Z,"3bf38dd2-682c-4a1c-ab1d-c7876161029a","department-of-english","Arts",6,,,true,"/departments/","Literature, Language & Communication",,,"BA, MA","M4 19.5A2.5 2.5 0 0 1 6.5 17H20M6.5 2H20v20H6.5A2.5 2.5 0 0 1 4 19.5v-15A2.5 2.5 0 0 1 6.5 2zM8 7h8M8 11h6","wix:image://v1/3bf38d_a9dcce15b89546b6a67c5af67a5eacf2~mv2.png/english.png#originWidth=400&originHeight=400","<ul class=""font_7"">
  <li><p class=""font_7"">B.A. English Language and Literature</p></li>
  <li><p class=""font_7"">M.A. English Language and Literature</p></li>
</ul>","Established in 1964 · Language, Literature & Literary Theory","/copy-of-departments/"
"{""documentStyle"":{},""nodes"":[{""id"":""oxjhj4111"",""nodes"":[{""id"":"""",""nodes"":[],""textData"":{""decorations"":[],""text"":""The Department of Statistics was started in 2014. The course was inaugurated by Dr. Renato Falcao Dantas, Professor, University of Campinas, Brazil. It offers UG course in Statistics with Mathematics and Computer Science as complementary papers with a Course in Essential Statistics for Social Sciences for aspiring students from non-Statistics Degree streams as an Open Course.""},""type"":""TEXT""}],""paragraphData"":{""textStyle"":{""textAlignment"":""JUSTIFY""}},""type"":""PARAGRAPH""},{""id"":""3xnlz5080"",""nodes"":[],""paragraphData"":{""textStyle"":{""textAlignment"":""JUSTIFY""}},""type"":""PARAGRAPH""},{""paragraphData"":{""textStyle"":{""textAlignment"":""JUSTIFY""}},""style"":{},""id"":""2iryw2496"",""nodes"":[{""id"":"""",""nodes"":[],""textData"":{""decorations"":[{""fontWeightValue"":700,""type"":""BOLD""},{""type"":""UNDERLINE""}],""text"":""Programs Offered""},""type"":""TEXT""}],""type"":""PARAGRAPH""},{""bulletedListData"":{""indentation"":0},""id"":""a0ea92837"",""nodes"":[{""id"":""ion0y2838"",""nodes"":[{""id"":""qya9o5983"",""nodes"":[{""id"":"""",""nodes"":[],""textData"":{""decorations"":[],""text"":""B.Sc. Statistics""},""type"":""TEXT""}],""paragraphData"":{},""type"":""PARAGRAPH""}],""type"":""LIST_ITEM""}],""type"":""BULLETED_LIST""}]}","Department of Statistics","/departments/department-of-statistics","f0ec8d8a-496c-4903-867a-242db249be31",2026-04-14T16:48:50Z,2026-05-29T04:58:38Z,"3bf38dd2-682c-4a1c-ab1d-c7876161029a","department-of-statistics","Science",15,,,true,"/departments/","Data Science & Probability",,,"BSc","M18 20V10M12 20V4M6 20v-6","wix:image://v1/3bf38d_05c5aeb539a84e98b5923cebaf5a5129~mv2.png/statistics.png#originWidth=400&originHeight=400","<ul class=""font_7"">
  <li><p class=""font_7"">B.Sc. Statistics</p></li>
</ul>","Est. 1964 · Statistics, Data Analysis & Biostatistics","/copy-of-departments/"
"{""documentStyle"":{},""nodes"":[{""id"":""81mrk5734"",""nodes"":[{""id"":"""",""nodes"":[],""textData"":{""decorations"":[],""text"":""The Computer Science Department plays a crucial role in preparing students for the rapidly evolving tech industry, equipping them with the skills and knowledge necessary for success.""},""type"":""TEXT""}],""paragraphData"":{""textStyle"":{""textAlignment"":""JUSTIFY""}},""type"":""PARAGRAPH""}]}","Department of Computer Science","/departments/department-of-computer-science","fd3c6e2d-6d99-41a6-906c-b2c60a7a56d7",2026-04-16T13:03:48Z,2026-05-29T04:58:18Z,"3bf38dd2-682c-4a1c-ab1d-c7876161029a","department-of-computer-science","Science",4,,,true,"/departments/","Computing, Programming & Technology",,,,"M2 3h20v14H2V3M8 7l-2 3 2 3M16 7l2 3-2 3M12 7v6M12 17v4M8 21h8","wix:image://v1/3bf38d_7f04da95fc7f4d40aba82a930d10d7f6~mv2.png/computer_science.png#originWidth=400&originHeight=400",,"Est. 2002 · Computer Science & Applications","/copy-of-departments/"
"{""documentStyle"":{},""nodes"":[{""id"":""47ki02834"",""nodes"":[{""id"":"""",""nodes"":[],""textData"":{""decorations"":[],""text"":""The Department of Commerce was established in 1965 and has since grown into a vibrant center of academic excellence. The department offers Four Year Under Graduate Progamme in B.Com ( Elective- Co-operation), Business Management as Minor programme as well as a postgraduate programme in M.Com (Finance and Accounting). It is also recognized as a research centre under the University of Kerala, providing opportunities for doctoral studies (PhD) in Commerce. At present, the PG and Research Department of Commerce has seven faculty members and more than 200 students, along with a registered alumni association that actively contributes to its growth. The department also emphasizes co-curricular and extension activities through its Commerce Association, which organizes various programmes for the benefit of both the institution and society.  Notably “Pranaah,” the intercollegiate management fest stands out as a trendsetter promoting innovation, talent, organising skills and creative engagement.""},""type"":""TEXT""}],""paragraphData"":{},""type"":""PARAGRAPH""},{""id"":""7iyv95187"",""nodes"":[],""paragraphData"":{""textStyle"":{""textAlignment"":""JUSTIFY""}},""type"":""PARAGRAPH""},{""paragraphData"":{""textStyle"":{""textAlignment"":""JUSTIFY""}},""style"":{},""id"":""2iryw2496"",""nodes"":[{""id"":"""",""nodes"":[],""textData"":{""decorations"":[{""fontWeightValue"":700,""type"":""BOLD""},{""type"":""UNDERLINE""}],""text"":""Programs Offered""},""type"":""TEXT""}],""type"":""PARAGRAPH""},{""bulletedListData"":{""indentation"":0},""id"":""qa88e5605"",""nodes"":[{""id"":""8vtit5606"",""nodes"":[{""id"":""wx8ek5468"",""nodes"":[{""id"":"""",""nodes"":[],""textData"":{""decorations"":[],""text"":""B.Com. (Elective Co-operation)""},""type"":""TEXT""}],""paragraphData"":{},""type"":""PARAGRAPH""}],""type"":""LIST_ITEM""},{""id"":""f2kk15608"",""nodes"":[{""id"":""xr5ej5470"",""nodes"":[{""id"":"""",""nodes"":[],""textData"":{""decorations"":[],""text"":""M.Com. (Accounting and Finance)""},""type"":""TEXT""}],""paragraphData"":{},""type"":""PARAGRAPH""}],""type"":""LIST_ITEM""},{""id"":""dnw3m5610"",""nodes"":[{""id"":""f95rw5472"",""nodes"":[{""id"":"""",""nodes"":[],""textData"":{""decorations"":[],""text"":""Ph.D. in Commerce""},""type"":""TEXT""}],""paragraphData"":{},""type"":""PARAGRAPH""}],""type"":""LIST_ITEM""}],""type"":""BULLETED_LIST""}]}","Department of Commerce","/departments/department-of-commerce","fee3ee1d-cea6-4258-bbe9-610845965653",2026-04-14T16:48:50Z,2026-06-18T16:45:25Z,"3bf38dd2-682c-4a1c-ab1d-c7876161029a","department-of-commerce","Others",3,,,true,"/departments/","Business, Finance & Accounting",,,"BCom, MCom, Ph.D","M2 3h20v18H2V3M2 9h20M9 21V9","wix:image://v1/3bf38d_c51d50eab6f74aed9513713f841533d0~mv2.png/commerce.png#originWidth=400&originHeight=400","<ul class=""font_7"">
  <li><p class=""font_7"">B.Com. (Elective Co-Operation)</p></li>
  <li><p class=""font_7"">M.Com.</p></li>
  <li><p class=""font_7"">Ph.D. &nbsp;&nbsp;Commerce</p></li>
</ul>","Est. 1964 · Commerce, Accountancy & Business Studies","/copy-of-departments/"
